{
  "response_file": "data/images_responses/response_openai-gpt-5-4_image.jsonl",
  "num_records": 209,
  "model_ids": [
    "gpt-5.4"
  ],
  "data_quality": {
    "json_parse_fail_count": 0,
    "json_non_structured_root_count": 0,
    "invalid_schema_input_count": 0,
    "unknown_difficulty_count": 0,
    "malformed_jsonl_line_count": 0
  },
  "summary": {
    "overall": {
      "n": 209,
      "metrics": {
        "json_parse_success": {
          "mean": 1.0,
          "ci95_low": 1.0,
          "ci95_high": 1.0,
          "metric_name": "JSON Parse Success"
        },
        "json_root_structured": {
          "mean": 1.0,
          "ci95_low": 1.0,
          "ci95_high": 1.0,
          "metric_name": "Structured JSON Root"
        },
        "schema_valid_input": {
          "mean": 1.0,
          "ci95_low": 1.0,
          "ci95_high": 1.0,
          "metric_name": "Schema Valid Input"
        },
        "schema_compliance": {
          "mean": 0.9234449760765551,
          "ci95_low": 0.8803827751196173,
          "ci95_high": 0.9521531100478469,
          "metric_name": "JSON Pass Rate"
        },
        "leaf_value_em": {
          "mean": 0.5446318254636978,
          "ci95_low": 0.49994060739371243,
          "ci95_high": 0.593292241236835,
          "metric_name": "Truth Score"
        },
        "value_token_f1": {
          "mean": 0.7446473213179331,
          "ci95_low": 0.7005316072418912,
          "ci95_high": 0.7857770240188632,
          "metric_name": "Faithfulness Score"
        },
        "hier_path_recall": {
          "mean": 0.9155481317963652,
          "ci95_low": 0.8762546866394325,
          "ci95_high": 0.9511418181446042,
          "metric_name": "Path Recall"
        },
        "path_set_f1": {
          "mean": 0.8807958527083013,
          "ci95_low": 0.8423560373214941,
          "ci95_high": 0.9139117461419686,
          "metric_name": "Structure Coverage"
        },
        "type_precision": {
          "mean": 0.9234449760765551,
          "ci95_low": 0.8851674641148325,
          "ci95_high": 0.9569377990430622,
          "metric_name": "Type Safety"
        },
        "strict_json_em": {
          "mean": 0.10526315789473684,
          "ci95_low": 0.06220095693779904,
          "ci95_high": 0.15311004784688995,
          "metric_name": "Perfect Response Rate"
        }
      },
      "category_scores": {
        "Long Context Extraction": {
          "mean": 0.7349424261926654,
          "ci95_low": 0.6996606164712107,
          "ci95_high": 0.7720254624780748,
          "category_name": "Long Context Extraction",
          "components": [
            "leaf_value_em",
            "value_token_f1",
            "hier_path_recall"
          ]
        },
        "Complex Schema Handling": {
          "mean": 0.9092286016204704,
          "ci95_low": 0.8730191131439395,
          "ci95_high": 0.9431962394498407,
          "category_name": "Complex Schema Handling",
          "components": [
            "schema_compliance",
            "path_set_f1",
            "type_precision"
          ]
        },
        "Multi-Context Linking": {
          "mean": 0.6446395733908156,
          "ci95_low": 0.6023051805693552,
          "ci95_high": 0.6857330394781699,
          "category_name": "Multi-Context Linking",
          "components": [
            "leaf_value_em",
            "value_token_f1"
          ]
        },
        "Output Contract Reliability": {
          "mean": 0.94896331738437,
          "ci95_low": 0.9266347687400318,
          "ci95_high": 0.9712918660287081,
          "category_name": "Output Contract Reliability",
          "components": [
            "json_parse_success",
            "schema_compliance",
            "type_precision"
          ]
        },
        "Strict Precision": {
          "mean": 0.10526315789473684,
          "ci95_low": 0.06698564593301436,
          "ci95_high": 0.14832535885167464,
          "category_name": "Strict Precision",
          "components": [
            "strict_json_em"
          ]
        }
      }
    },
    "overall_weighted": {
      "n": 209,
      "metrics": {
        "json_parse_success": {
          "mean": 1.0,
          "ci95_low": 1.0,
          "ci95_high": 1.0,
          "metric_name": "JSON Parse Success"
        },
        "json_root_structured": {
          "mean": 1.0,
          "ci95_low": 1.0,
          "ci95_high": 1.0,
          "metric_name": "Structured JSON Root"
        },
        "schema_valid_input": {
          "mean": 1.0,
          "ci95_low": 1.0,
          "ci95_high": 1.0,
          "metric_name": "Schema Valid Input"
        },
        "schema_compliance": {
          "mean": 0.920265780730897,
          "ci95_low": 0.8801996672212978,
          "ci95_high": 0.9551495016611296,
          "metric_name": "JSON Pass Rate"
        },
        "leaf_value_em": {
          "mean": 0.5460867913522505,
          "ci95_low": 0.49975159564759486,
          "ci95_high": 0.589915386533654,
          "metric_name": "Truth Score"
        },
        "value_token_f1": {
          "mean": 0.7451610305644731,
          "ci95_low": 0.7025854680006847,
          "ci95_high": 0.7865695693517897,
          "metric_name": "Faithfulness Score"
        },
        "hier_path_recall": {
          "mean": 0.9120409944124932,
          "ci95_low": 0.873561471220254,
          "ci95_high": 0.9483787080956946,
          "metric_name": "Path Recall"
        },
        "path_set_f1": {
          "mean": 0.8783715662203411,
          "ci95_low": 0.8380555437109533,
          "ci95_high": 0.9145776340401556,
          "metric_name": "Structure Coverage"
        },
        "type_precision": {
          "mean": 0.920265780730897,
          "ci95_low": 0.8830508474576271,
          "ci95_high": 0.9595959595959596,
          "metric_name": "Type Safety"
        },
        "strict_json_em": {
          "mean": 0.10132890365448505,
          "ci95_low": 0.065,
          "ci95_high": 0.14309210526315788,
          "metric_name": "Perfect Response Rate"
        }
      },
      "category_scores": {
        "Long Context Extraction": {
          "mean": 0.7344296054430723,
          "ci95_low": 0.6945564703957607,
          "ci95_high": 0.7692236735725048,
          "category_name": "Long Context Extraction",
          "components": [
            "leaf_value_em",
            "value_token_f1",
            "hier_path_recall"
          ]
        },
        "Complex Schema Handling": {
          "mean": 0.9063010425607116,
          "ci95_low": 0.8679581710511158,
          "ci95_high": 0.9398557410947163,
          "category_name": "Complex Schema Handling",
          "components": [
            "schema_compliance",
            "path_set_f1",
            "type_precision"
          ]
        },
        "Multi-Context Linking": {
          "mean": 0.6456239109583619,
          "ci95_low": 0.6046441623565496,
          "ci95_high": 0.6865203124242407,
          "category_name": "Multi-Context Linking",
          "components": [
            "leaf_value_em",
            "value_token_f1"
          ]
        },
        "Output Contract Reliability": {
          "mean": 0.946843853820598,
          "ci95_low": 0.9205298013245033,
          "ci95_high": 0.9701492537313433,
          "category_name": "Output Contract Reliability",
          "components": [
            "json_parse_success",
            "schema_compliance",
            "type_precision"
          ]
        },
        "Strict Precision": {
          "mean": 0.10132890365448505,
          "ci95_low": 0.0651085141903172,
          "ci95_high": 0.1423841059602649,
          "category_name": "Strict Precision",
          "components": [
            "strict_json_em"
          ]
        }
      },
      "weighting": "schema_complexity",
      "weight_field_priority": [
        "schema_complexity",
        "difficulty"
      ],
      "difficulty_weights": {
        "easy": 1.0,
        "medium": 2.0,