{
  "response_file": "data/images_responses/response_interfaze-beta_image.jsonl",
  "num_records": 209,
  "model_ids": [
    "interfaze-beta"
  ],
  "data_quality": {
    "json_parse_fail_count": 1,
    "json_non_structured_root_count": 1,
    "invalid_schema_input_count": 0,
    "unknown_difficulty_count": 0,
    "malformed_jsonl_line_count": 0
  },
  "summary": {
    "overall": {
      "n": 209,
      "metrics": {
        "json_parse_success": {
          "mean": 0.9952153110047847,
          "ci95_low": 0.9856459330143541,
          "ci95_high": 1.0,
          "metric_name": "JSON Parse Success"
        },
        "json_root_structured": {
          "mean": 0.9952153110047847,
          "ci95_low": 0.9856459330143541,
          "ci95_high": 1.0,
          "metric_name": "Structured JSON Root"
        },
        "schema_valid_input": {
          "mean": 1.0,
          "ci95_low": 1.0,
          "ci95_high": 1.0,
          "metric_name": "Schema Valid Input"
        },
        "schema_compliance": {
          "mean": 0.8708133971291866,
          "ci95_low": 0.8181818181818182,
          "ci95_high": 0.9138755980861244,
          "metric_name": "JSON Pass Rate"
        },
        "leaf_value_em": {
          "mean": 0.5859506640576075,
          "ci95_low": 0.5401549074521328,
          "ci95_high": 0.6345983224536442,
          "metric_name": "Truth Score"
        },
        "value_token_f1": {
          "mean": 0.7458604407318943,
          "ci95_low": 0.699438097623905,
          "ci95_high": 0.7908547969914235,
          "metric_name": "Faithfulness Score"
        },
        "hier_path_recall": {
          "mean": 0.8596531059591324,
          "ci95_low": 0.8103094153066982,
          "ci95_high": 0.9032289291129992,
          "metric_name": "Path Recall"
        },
        "path_set_f1": {
          "mean": 0.8490567513572477,
          "ci95_low": 0.7997723986810572,
          "ci95_high": 0.8919843192864522,
          "metric_name": "Structure Coverage"
        },
        "type_precision": {
          "mean": 0.8708133971291866,
          "ci95_low": 0.8229665071770335,
          "ci95_high": 0.9138755980861244,
          "metric_name": "Type Safety"
        },
        "strict_json_em": {
          "mean": 0.1291866028708134,
          "ci95_low": 0.08133971291866028,
          "ci95_high": 0.17703349282296652,
          "metric_name": "Perfect Response Rate"
        }
      },
      "category_scores": {
        "Long Context Extraction": {
          "mean": 0.7304880702495448,
          "ci95_low": 0.6903295145647779,
          "ci95_high": 0.7730502789529826,
          "category_name": "Long Context Extraction",
          "components": [
            "leaf_value_em",
            "value_token_f1",
            "hier_path_recall"
          ]
        },
        "Complex Schema Handling": {
          "mean": 0.8635611818718737,
          "ci95_low": 0.8154156907891592,
          "ci95_high": 0.9062968887945424,
          "category_name": "Complex Schema Handling",
          "components": [
            "schema_compliance",
            "path_set_f1",
            "type_precision"
          ]
        },
        "Multi-Context Linking": {
          "mean": 0.6659055523947509,
          "ci95_low": 0.6219133535216207,
          "ci95_high": 0.7065674986037837,
          "category_name": "Multi-Context Linking",
          "components": [
            "leaf_value_em",
            "value_token_f1"
          ]
        },
        "Output Contract Reliability": {
          "mean": 0.9122807017543859,
          "ci95_low": 0.8787878787878788,
          "ci95_high": 0.9425837320574163,
          "category_name": "Output Contract Reliability",
          "components": [
            "json_parse_success",
            "schema_compliance",
            "type_precision"
          ]
        },
        "Strict Precision": {
          "mean": 0.1291866028708134,
          "ci95_low": 0.0861244019138756,
          "ci95_high": 0.17703349282296652,
          "category_name": "Strict Precision",
          "components": [
            "strict_json_em"
          ]
        }
      }
    },
    "overall_weighted": {
      "n": 209,
      "metrics": {
        "json_parse_success": {
          "mean": 0.9950166112956811,
          "ci95_low": 0.9847715736040609,
          "ci95_high": 1.0,
          "metric_name": "JSON Parse Success"
        },
        "json_root_structured": {
          "mean": 0.9950166112956811,
          "ci95_low": 0.9849498327759197,
          "ci95_high": 1.0,
          "metric_name": "Structured JSON Root"
        },
        "schema_valid_input": {
          "mean": 1.0,
          "ci95_low": 1.0,
          "ci95_high": 1.0,
          "metric_name": "Schema Valid Input"
        },
        "schema_compliance": {
          "mean": 0.867109634551495,
          "ci95_low": 0.8183333333333334,
          "ci95_high": 0.9151414309484193,
          "metric_name": "JSON Pass Rate"
        },
        "leaf_value_em": {
          "mean": 0.5887942217380009,
          "ci95_low": 0.5386891037298175,
          "ci95_high": 0.636431337948883,
          "metric_name": "Truth Score"
        },
        "value_token_f1": {
          "mean": 0.7463015286311868,
          "ci95_low": 0.6980958220121339,
          "ci95_high": 0.7918353567119947,
          "metric_name": "Faithfulness Score"
        },
        "hier_path_recall": {
          "mean": 0.8557982252897178,
          "ci95_low": 0.810019140753612,
          "ci95_high": 0.9007506090037631,
          "metric_name": "Path Recall"
        },
        "path_set_f1": {
          "mean": 0.8461462791156019,
          "ci95_low": 0.7933368776938658,
          "ci95_high": 0.8905156498990966,
          "metric_name": "Structure Coverage"
        },
        "type_precision": {
          "mean": 0.867109634551495,
          "ci95_low": 0.8219633943427621,
          "ci95_high": 0.912106135986733,
          "metric_name": "Type Safety"
        },
        "strict_json_em": {
          "mean": 0.12790697674418605,
          "ci95_low": 0.08375209380234507,
          "ci95_high": 0.1744186046511628,
          "metric_name": "Perfect Response Rate"
        }
      },
      "category_scores": {
        "Long Context Extraction": {
          "mean": 0.7302979918863018,
          "ci95_low": 0.6841554780858877,
          "ci95_high": 0.7731194720848945,
          "category_name": "Long Context Extraction",
          "components": [
            "leaf_value_em",
            "value_token_f1",
            "hier_path_recall"
          ]
        },
        "Complex Schema Handling": {
          "mean": 0.8601218494061972,
          "ci95_low": 0.8102174283981589,
          "ci95_high": 0.9073924499450741,
          "category_name": "Complex Schema Handling",
          "components": [
            "schema_compliance",
            "path_set_f1",
            "type_precision"
          ]
        },
        "Multi-Context Linking": {
          "mean": 0.6675478751845938,
          "ci95_low": 0.623453208618622,
          "ci95_high": 0.7104363903908403,
          "category_name": "Multi-Context Linking",
          "components": [
            "leaf_value_em",
            "value_token_f1"
          ]
        },
        "Output Contract Reliability": {
          "mean": 0.9097452934662237,
          "ci95_low": 0.8770491803278688,
          "ci95_high": 0.9415977961432507,
          "category_name": "Output Contract Reliability",
          "components": [
            "json_parse_success",
            "schema_compliance",
            "type_precision"
          ]
        },
        "Strict Precision": {
          "mean": 0.12790697674418605,
          "ci95_low": 0.08731466227347612,
          "ci95_high": 0.17391304347826086,
          "category_name": "Strict Precision",
          "components": [
            "strict_json_em"
          ]
        }
      },
      "weighting": "schema_complexity",