{
  "response_file": "data/audio_responses/response_claude-sonnet-5_audio.jsonl",
  "num_records": 115,
  "model_ids": [
    "claude-sonnet-5"
  ],
  "data_quality": {
    "json_parse_fail_count": 30,
    "json_non_structured_root_count": 30,
    "invalid_schema_input_count": 0,
    "unknown_difficulty_count": 0,
    "malformed_jsonl_line_count": 0
  },
  "summary": {
    "overall": {
      "n": 115,
      "metrics": {
        "json_parse_success": {
          "mean": 0.7391304347826086,
          "ci95_low": 0.6608695652173913,
          "ci95_high": 0.8173913043478261,
          "metric_name": "JSON Parse Success"
        },
        "json_root_structured": {
          "mean": 0.7391304347826086,
          "ci95_low": 0.6608695652173913,
          "ci95_high": 0.8260869565217391,
          "metric_name": "Structured JSON Root"
        },
        "schema_valid_input": {
          "mean": 1.0,
          "ci95_low": 1.0,
          "ci95_high": 1.0,
          "metric_name": "Schema Valid Input"
        },
        "schema_compliance": {
          "mean": 0.7217391304347827,
          "ci95_low": 0.6434782608695652,
          "ci95_high": 0.8,
          "metric_name": "JSON Pass Rate"
        },
        "leaf_value_em": {
          "mean": 0.16025743264031753,
          "ci95_low": 0.12831237936681264,
          "ci95_high": 0.1923991826794602,
          "metric_name": "Truth Score"
        },
        "value_token_f1": {
          "mean": 0.3316500986599603,
          "ci95_low": 0.28711698365543115,
          "ci95_high": 0.3841800600742407,
          "metric_name": "Faithfulness Score"
        },
        "hier_path_recall": {
          "mean": 0.6809180953591273,
          "ci95_low": 0.5977112085314812,
          "ci95_high": 0.7572474282419184,
          "metric_name": "Path Recall"
        },
        "path_set_f1": {
          "mean": 0.6504860123280185,
          "ci95_low": 0.5746152395648648,
          "ci95_high": 0.7276875528530508,
          "metric_name": "Structure Coverage"
        },
        "type_precision": {
          "mean": 0.7217391304347827,
          "ci95_low": 0.6347826086956522,
          "ci95_high": 0.808695652173913,
          "metric_name": "Type Safety"
        },
        "strict_json_em": {
          "mean": 0.0,
          "ci95_low": 0.0,
          "ci95_high": 0.0,
          "metric_name": "Perfect Response Rate"
        }
      },
      "category_scores": {
        "Long Context Extraction": {
          "mean": 0.3909418755531351,
          "ci95_low": 0.3417769057764732,
          "ci95_high": 0.43593902045844796,
          "category_name": "Long Context Extraction",
          "components": [
            "leaf_value_em",
            "value_token_f1",
            "hier_path_recall"
          ]
        },
        "Complex Schema Handling": {
          "mean": 0.6979880910658612,
          "ci95_low": 0.6134530058840015,
          "ci95_high": 0.7746628097313952,
          "category_name": "Complex Schema Handling",
          "components": [
            "schema_compliance",
            "path_set_f1",
            "type_precision"
          ]
        },
        "Multi-Context Linking": {
          "mean": 0.24595376565013893,
          "ci95_low": 0.20682532274811535,
          "ci95_high": 0.2858927853472173,
          "category_name": "Multi-Context Linking",
          "components": [
            "leaf_value_em",
            "value_token_f1"
          ]
        },
        "Output Contract Reliability": {
          "mean": 0.727536231884058,
          "ci95_low": 0.6376811594202898,
          "ci95_high": 0.808695652173913,
          "category_name": "Output Contract Reliability",
          "components": [
            "json_parse_success",
            "schema_compliance",
            "type_precision"
          ]
        },
        "Strict Precision": {
          "mean": 0.0,
          "ci95_low": 0.0,
          "ci95_high": 0.0,
          "category_name": "Strict Precision",
          "components": [
            "strict_json_em"
          ]
        }
      }
    },
    "overall_weighted": {
      "n": 115,
      "metrics": {
        "json_parse_success": {
          "mean": 0.7376093294460642,
          "ci95_low": 0.6588921282798834,
          "ci95_high": 0.8168604651162791,
          "metric_name": "JSON Parse Success"
        },
        "json_root_structured": {
          "mean": 0.7376093294460642,
          "ci95_low": 0.6578947368421053,
          "ci95_high": 0.8163265306122449,
          "metric_name": "Structured JSON Root"
        },
        "schema_valid_input": {
          "mean": 1.0,
          "ci95_low": 1.0,
          "ci95_high": 1.0,
          "metric_name": "Schema Valid Input"
        },
        "schema_compliance": {
          "mean": 0.7201166180758017,
          "ci95_low": 0.6326530612244898,
          "ci95_high": 0.7988338192419825,
          "metric_name": "JSON Pass Rate"
        },
        "leaf_value_em": {
          "mean": 0.16039675506758677,
          "ci95_low": 0.13052868060322073,
          "ci95_high": 0.19096456241787135,
          "metric_name": "Truth Score"
        },
        "value_token_f1": {
          "mean": 0.3309077561703447,
          "ci95_low": 0.28369840921028167,
          "ci95_high": 0.38310990064092365,
          "metric_name": "Faithfulness Score"
        },
        "hier_path_recall": {
          "mean": 0.6790575594720085,
          "ci95_low": 0.597435658572892,
          "ci95_high": 0.7560647835821023,
          "metric_name": "Path Recall"
        },
        "path_set_f1": {
          "mean": 0.6488367568119525,
          "ci95_low": 0.5731963350777064,
          "ci95_high": 0.7221261435685926,
          "metric_name": "Structure Coverage"
        },
        "type_precision": {
          "mean": 0.7201166180758017,
          "ci95_low": 0.6347826086956522,
          "ci95_high": 0.7988338192419825,
          "metric_name": "Type Safety"
        },
        "strict_json_em": {
          "mean": 0.0,
          "ci95_low": 0.0,
          "ci95_high": 0.0,
          "metric_name": "Perfect Response Rate"
        }
      },
      "category_scores": {
        "Long Context Extraction": {
          "mean": 0.3901206902366467,
          "ci95_low": 0.34062139306276146,
          "ci95_high": 0.43767448378959295,
          "category_name": "Long Context Extraction",
          "components": [
            "leaf_value_em",
            "value_token_f1",
            "hier_path_recall"
          ]
        },
        "Complex Schema Handling": {
          "mean": 0.6963566643211853,
          "ci95_low": 0.6133412329583369,
          "ci95_high": 0.7719013161367092,
          "category_name": "Complex Schema Handling",
          "components": [
            "schema_compliance",
            "path_set_f1",
            "type_precision"
          ]
        },
        "Multi-Context Linking": {
          "mean": 0.24565225561896573,
          "ci95_low": 0.20784796216713655,
          "ci95_high": 0.28452415012957877,
          "category_name": "Multi-Context Linking",
          "components": [
            "leaf_value_em",
            "value_token_f1"
          ]
        },
        "Output Contract Reliability": {
          "mean": 0.7259475218658892,
          "ci95_low": 0.6355685131195336,
          "ci95_high": 0.8075801749271136,
          "category_name": "Output Contract Reliability",
          "components": [
            "json_parse_success",
            "schema_compliance",
            "type_precision"
          ]
        },
        "Strict Precision": {
          "mean": 0.0,
          "ci95_low": 0.0,
          "ci95_high": 0.0,
          "category_name": "Strict Precision",
          "components": [
            "strict_json_em"
          ]
        }
      },
      "weighting": "schema_complexity",
      "weight_field_priority": [
        "schema_complexity",
        "difficulty"
      ],
      "difficulty_weights": {
        "easy": 1.0,
        "medium": 2.0,