{
  "response_file": "data/audio_responses/response_interfaze-beta_audio.jsonl",
  "num_records": 115,
  "model_ids": [
    "interfaze-beta"
  ],
  "data_quality": {
    "json_parse_fail_count": 3,
    "json_non_structured_root_count": 3,
    "invalid_schema_input_count": 0,
    "unknown_difficulty_count": 0,
    "malformed_jsonl_line_count": 0
  },
  "summary": {
    "overall": {
      "n": 115,
      "metrics": {
        "json_parse_success": {
          "mean": 0.9739130434782609,
          "ci95_low": 0.9391304347826087,
          "ci95_high": 1.0,
          "metric_name": "JSON Parse Success"
        },
        "json_root_structured": {
          "mean": 0.9739130434782609,
          "ci95_low": 0.9391304347826087,
          "ci95_high": 1.0,
          "metric_name": "Structured JSON Root"
        },
        "schema_valid_input": {
          "mean": 1.0,
          "ci95_low": 1.0,
          "ci95_high": 1.0,
          "metric_name": "Schema Valid Input"
        },
        "schema_compliance": {
          "mean": 0.8782608695652174,
          "ci95_low": 0.8173913043478261,
          "ci95_high": 0.9391304347826087,
          "metric_name": "JSON Pass Rate"
        },
        "leaf_value_em": {
          "mean": 0.23077301234224104,
          "ci95_low": 0.1930329140115948,
          "ci95_high": 0.26680038850045346,
          "metric_name": "Truth Score"
        },
        "value_token_f1": {
          "mean": 0.42478823082811235,
          "ci95_low": 0.38225211308769336,
          "ci95_high": 0.4745606015122529,
          "metric_name": "Faithfulness Score"
        },
        "hier_path_recall": {
          "mean": 0.786259852042265,
          "ci95_low": 0.7272657482603747,
          "ci95_high": 0.8399056154183809,
          "metric_name": "Path Recall"
        },
        "path_set_f1": {
          "mean": 0.7937747480478013,
          "ci95_low": 0.7331483471984981,
          "ci95_high": 0.8500703888623989,
          "metric_name": "Structure Coverage"
        },
        "type_precision": {
          "mean": 0.8782608695652174,
          "ci95_low": 0.8173913043478261,
          "ci95_high": 0.9304347826086956,
          "metric_name": "Type Safety"
        },
        "strict_json_em": {
          "mean": 0.0,
          "ci95_low": 0.0,
          "ci95_high": 0.0,
          "metric_name": "Perfect Response Rate"
        }
      },
      "category_scores": {
        "Long Context Extraction": {
          "mean": 0.48060703173753944,
          "ci95_low": 0.4329209206336758,
          "ci95_high": 0.5203834054329745,
          "category_name": "Long Context Extraction",
          "components": [
            "leaf_value_em",
            "value_token_f1",
            "hier_path_recall"
          ]
        },
        "Complex Schema Handling": {
          "mean": 0.850098829059412,
          "ci95_low": 0.7860643146971029,
          "ci95_high": 0.9022466825217262,
          "category_name": "Complex Schema Handling",
          "components": [
            "schema_compliance",
            "path_set_f1",
            "type_precision"
          ]
        },
        "Multi-Context Linking": {
          "mean": 0.32778062158517673,
          "ci95_low": 0.28776454392138834,
          "ci95_high": 0.3707548530060054,
          "category_name": "Multi-Context Linking",
          "components": [
            "leaf_value_em",
            "value_token_f1"
          ]
        },
        "Output Contract Reliability": {
          "mean": 0.9101449275362319,
          "ci95_low": 0.8608695652173913,
          "ci95_high": 0.9507246376811593,
          "category_name": "Output Contract Reliability",
          "components": [
            "json_parse_success",
            "schema_compliance",
            "type_precision"
          ]
        },
        "Strict Precision": {
          "mean": 0.0,
          "ci95_low": 0.0,
          "ci95_high": 0.0,
          "category_name": "Strict Precision",
          "components": [
            "strict_json_em"
          ]
        }
      }
    },
    "overall_weighted": {
      "n": 115,
      "metrics": {
        "json_parse_success": {
          "mean": 0.9737609329446064,
          "ci95_low": 0.938953488372093,
          "ci95_high": 1.0,
          "metric_name": "JSON Parse Success"
        },
        "json_root_structured": {
          "mean": 0.9737609329446064,
          "ci95_low": 0.938953488372093,
          "ci95_high": 1.0,
          "metric_name": "Structured JSON Root"
        },
        "schema_valid_input": {
          "mean": 1.0,
          "ci95_low": 1.0,
          "ci95_high": 1.0,
          "metric_name": "Schema Valid Input"
        },
        "schema_compliance": {
          "mean": 0.8775510204081632,
          "ci95_low": 0.8168604651162791,
          "ci95_high": 0.9302325581395349,
          "metric_name": "JSON Pass Rate"
        },
        "leaf_value_em": {
          "mean": 0.22999829892361642,
          "ci95_low": 0.19393893122745373,
          "ci95_high": 0.2629245535249263,
          "metric_name": "Truth Score"
        },
        "value_token_f1": {
          "mean": 0.4239177947321078,
          "ci95_low": 0.37775592800979196,
          "ci95_high": 0.47282847278461054,
          "metric_name": "Faithfulness Score"
        },
        "hier_path_recall": {
          "mean": 0.7851669986400256,
          "ci95_low": 0.7252075897884498,
          "ci95_high": 0.8407465866635563,
          "metric_name": "Path Recall"
        },
        "path_set_f1": {
          "mean": 0.7931067679586729,
          "ci95_low": 0.736107466585722,
          "ci95_high": 0.8417136971460728,
          "metric_name": "Structure Coverage"
        },
        "type_precision": {
          "mean": 0.8775510204081632,
          "ci95_low": 0.8081395348837209,
          "ci95_high": 0.9384164222873901,
          "metric_name": "Type Safety"
        },
        "strict_json_em": {
          "mean": 0.0,
          "ci95_low": 0.0,
          "ci95_high": 0.0,
          "metric_name": "Perfect Response Rate"
        }
      },
      "category_scores": {
        "Long Context Extraction": {
          "mean": 0.4796943640985833,
          "ci95_low": 0.43891895392248975,
          "ci95_high": 0.5205338105306229,
          "category_name": "Long Context Extraction",
          "components": [
            "leaf_value_em",
            "value_token_f1",
            "hier_path_recall"
          ]
        },
        "Complex Schema Handling": {
          "mean": 0.8494029362583332,
          "ci95_low": 0.7817889204122557,
          "ci95_high": 0.9103566940095154,
          "category_name": "Complex Schema Handling",
          "components": [
            "schema_compliance",
            "path_set_f1",
            "type_precision"
          ]
        },
        "Multi-Context Linking": {
          "mean": 0.32695804682786206,
          "ci95_low": 0.2891042438311676,
          "ci95_high": 0.36504533620428,
          "category_name": "Multi-Context Linking",
          "components": [
            "leaf_value_em",
            "value_token_f1"
          ]
        },
        "Output Contract Reliability": {
          "mean": 0.9096209912536443,
          "ci95_low": 0.8604651162790697,
          "ci95_high": 0.9505813953488372,
          "category_name": "Output Contract Reliability",
          "components": [
            "json_parse_success",
            "schema_compliance",
            "type_precision"
          ]
        },
        "Strict Precision": {
          "mean": 0.0,
          "ci95_low": 0.0,
          "ci95_high": 0.0,
          "category_name": "Strict Precision",
          "components": [
            "strict_json_em"
          ]
        }
      },
      "weighting": "schema_complexity",
      "weight_field_priority": [
        "schema_complexity",
        "difficulty"
      ],
      "difficulty_weights": {
        "easy": 1.0,
        "medium": 2.0,
        "hard": 3.0
      }
    }
  }
}
