{
  "response_file": "data/images_responses/response_openai-gpt-5-mini_image.jsonl",
  "num_records": 209,
  "model_ids": [
    "gpt-5-mini"
  ],
  "data_quality": {
    "json_parse_fail_count": 0,
    "json_non_structured_root_count": 0,
    "invalid_schema_input_count": 0,
    "unknown_difficulty_count": 0,
    "malformed_jsonl_line_count": 0
  },
  "summary": {
    "overall": {
      "n": 209,
      "metrics": {
        "json_parse_success": {
          "mean": 1.0,
          "ci95_low": 1.0,
          "ci95_high": 1.0,
          "metric_name": "JSON Parse Success"
        },
        "json_root_structured": {
          "mean": 1.0,
          "ci95_low": 1.0,
          "ci95_high": 1.0,
          "metric_name": "Structured JSON Root"
        },
        "schema_valid_input": {
          "mean": 1.0,
          "ci95_low": 1.0,
          "ci95_high": 1.0,
          "metric_name": "Schema Valid Input"
        },
        "schema_compliance": {
          "mean": 0.9138755980861244,
          "ci95_low": 0.8755980861244019,
          "ci95_high": 0.9473684210526315,
          "metric_name": "JSON Pass Rate"
        },
        "leaf_value_em": {
          "mean": 0.4815052290667386,
          "ci95_low": 0.4364950164726322,
          "ci95_high": 0.5311877054872216,
          "metric_name": "Truth Score"
        },
        "value_token_f1": {
          "mean": 0.6994960258968403,
          "ci95_low": 0.6562480177616844,
          "ci95_high": 0.7432764842001498,
          "metric_name": "Faithfulness Score"
        },
        "hier_path_recall": {
          "mean": 0.8914716687662445,
          "ci95_low": 0.8494781411462056,
          "ci95_high": 0.9294833259910203,
          "metric_name": "Path Recall"
        },
        "path_set_f1": {
          "mean": 0.8682125745758791,
          "ci95_low": 0.8297042311191375,
          "ci95_high": 0.9027833971075764,
          "metric_name": "Structure Coverage"
        },
        "type_precision": {
          "mean": 0.9138755980861244,
          "ci95_low": 0.8755980861244019,
          "ci95_high": 0.9473684210526315,
          "metric_name": "Type Safety"
        },
        "strict_json_em": {
          "mean": 0.09090909090909091,
          "ci95_low": 0.05741626794258373,
          "ci95_high": 0.1339712918660287,
          "metric_name": "Perfect Response Rate"
        }
      },
      "category_scores": {
        "Long Context Extraction": {
          "mean": 0.6908243079099411,
          "ci95_low": 0.6527956881321332,
          "ci95_high": 0.730667442527559,
          "category_name": "Long Context Extraction",
          "components": [
            "leaf_value_em",
            "value_token_f1",
            "hier_path_recall"
          ]
        },
        "Complex Schema Handling": {
          "mean": 0.8986545902493761,
          "ci95_low": 0.8565949999154023,
          "ci95_high": 0.9324651909823733,
          "category_name": "Complex Schema Handling",
          "components": [
            "schema_compliance",
            "path_set_f1",
            "type_precision"
          ]
        },
        "Multi-Context Linking": {
          "mean": 0.5905006274817894,
          "ci95_low": 0.5471619665115219,
          "ci95_high": 0.634215483414591,
          "category_name": "Multi-Context Linking",
          "components": [
            "leaf_value_em",
            "value_token_f1"
          ]
        },
        "Output Contract Reliability": {
          "mean": 0.9425837320574163,
          "ci95_low": 0.9170653907496013,
          "ci95_high": 0.9649122807017544,
          "category_name": "Output Contract Reliability",
          "components": [
            "json_parse_success",
            "schema_compliance",
            "type_precision"
          ]
        },
        "Strict Precision": {
          "mean": 0.09090909090909091,
          "ci95_low": 0.05741626794258373,
          "ci95_high": 0.1291866028708134,
          "category_name": "Strict Precision",
          "components": [
            "strict_json_em"
          ]
        }
      }
    },
    "overall_weighted": {
      "n": 209,
      "metrics": {
        "json_parse_success": {
          "mean": 1.0,
          "ci95_low": 1.0,
          "ci95_high": 1.0,
          "metric_name": "JSON Parse Success"
        },
        "json_root_structured": {
          "mean": 1.0,
          "ci95_low": 1.0,
          "ci95_high": 1.0,
          "metric_name": "Structured JSON Root"
        },
        "schema_valid_input": {
          "mean": 1.0,
          "ci95_low": 1.0,
          "ci95_high": 1.0,
          "metric_name": "Schema Valid Input"
        },
        "schema_compliance": {
          "mean": 0.9102990033222591,
          "ci95_low": 0.8697829716193656,
          "ci95_high": 0.945364238410596,
          "metric_name": "JSON Pass Rate"
        },
        "leaf_value_em": {
          "mean": 0.48354577186462566,
          "ci95_low": 0.4346516171623667,
          "ci95_high": 0.5316574477233446,
          "metric_name": "Truth Score"
        },
        "value_token_f1": {
          "mean": 0.6994513482643615,
          "ci95_low": 0.6534688342674022,
          "ci95_high": 0.7450193134485213,
          "metric_name": "Faithfulness Score"
        },
        "hier_path_recall": {
          "mean": 0.8877327474066661,
          "ci95_low": 0.8455701162736732,
          "ci95_high": 0.9253341060433717,
          "metric_name": "Path Recall"
        },
        "path_set_f1": {
          "mean": 0.8648873468163036,
          "ci95_low": 0.8227429710350077,
          "ci95_high": 0.9011952418596643,
          "metric_name": "Structure Coverage"
        },
        "type_precision": {
          "mean": 0.9102990033222591,
          "ci95_low": 0.8712871287128713,
          "ci95_high": 0.95,
          "metric_name": "Type Safety"
        },
        "strict_json_em": {
          "mean": 0.08637873754152824,
          "ci95_low": 0.05263157894736842,
          "ci95_high": 0.12333333333333334,
          "metric_name": "Perfect Response Rate"
        }
      },
      "category_scores": {
        "Long Context Extraction": {
          "mean": 0.6902432891785512,
          "ci95_low": 0.6505572217488498,
          "ci95_high": 0.7275144345913239,
          "category_name": "Long Context Extraction",
          "components": [
            "leaf_value_em",
            "value_token_f1",
            "hier_path_recall"
          ]
        },
        "Complex Schema Handling": {
          "mean": 0.8951617844869407,
          "ci95_low": 0.853049748289605,
          "ci95_high": 0.9315987904993648,
          "category_name": "Complex Schema Handling",
          "components": [
            "schema_compliance",
            "path_set_f1",
            "type_precision"
          ]
        },
        "Multi-Context Linking": {
          "mean": 0.5914985600644935,
          "ci95_low": 0.5510313120398233,
          "ci95_high": 0.633734265771322,
          "category_name": "Multi-Context Linking",
          "components": [
            "leaf_value_em",
            "value_token_f1"
          ]
        },
        "Output Contract Reliability": {
          "mean": 0.9401993355481728,
          "ci95_low": 0.9113300492610837,
          "ci95_high": 0.9666110183639399,
          "category_name": "Output Contract Reliability",
          "components": [
            "json_parse_success",
            "schema_compliance",
            "type_precision"
          ]
        },
        "Strict Precision": {
          "mean": 0.08637873754152824,
          "ci95_low": 0.05,
          "ci95_high": 0.12331081081081081,
          "category_name": "Strict Precision",
          "components": [
            "strict_json_em"
          ]
        }
      },
      "weighting": "schema_complexity",
      "weight_field_priority": [
        "schema_complexity",
        "difficulty"
      ],
      "difficulty_weights": {
        "easy": 1.0,
        "medium": 2.0,