{
  "response_file": "data/audio_responses/response_gemma-4-31b-it_audio.jsonl",
  "num_records": 115,
  "model_ids": [
    "gemma-4-31b-it"
  ],
  "data_quality": {
    "json_parse_fail_count": 9,
    "json_non_structured_root_count": 9,
    "invalid_schema_input_count": 0,
    "unknown_difficulty_count": 0,
    "malformed_jsonl_line_count": 0
  },
  "summary": {
    "overall": {
      "n": 115,
      "metrics": {
        "json_parse_success": {
          "mean": 0.9217391304347826,
          "ci95_low": 0.8695652173913043,
          "ci95_high": 0.9652173913043478,
          "metric_name": "JSON Parse Success"
        },
        "json_root_structured": {
          "mean": 0.9217391304347826,
          "ci95_low": 0.8695652173913043,
          "ci95_high": 0.9652173913043478,
          "metric_name": "Structured JSON Root"
        },
        "schema_valid_input": {
          "mean": 1.0,
          "ci95_low": 1.0,
          "ci95_high": 1.0,
          "metric_name": "Schema Valid Input"
        },
        "schema_compliance": {
          "mean": 0.7739130434782608,
          "ci95_low": 0.7043478260869566,
          "ci95_high": 0.8434782608695652,
          "metric_name": "JSON Pass Rate"
        },
        "leaf_value_em": {
          "mean": 0.17734685749049478,
          "ci95_low": 0.1406798846482258,
          "ci95_high": 0.2157053625934928,
          "metric_name": "Truth Score"
        },
        "value_token_f1": {
          "mean": 0.37656279416795235,
          "ci95_low": 0.3265896176885625,
          "ci95_high": 0.4258484736630576,
          "metric_name": "Faithfulness Score"
        },
        "hier_path_recall": {
          "mean": 0.6794316268349846,
          "ci95_low": 0.607422088524736,
          "ci95_high": 0.7457605958808317,
          "metric_name": "Path Recall"
        },
        "path_set_f1": {
          "mean": 0.7010951045023723,
          "ci95_low": 0.6280103800612882,
          "ci95_high": 0.7752135310810917,
          "metric_name": "Structure Coverage"
        },
        "type_precision": {
          "mean": 0.7739130434782608,
          "ci95_low": 0.6956521739130435,
          "ci95_high": 0.8434782608695652,
          "metric_name": "Type Safety"
        },
        "strict_json_em": {
          "mean": 0.0,
          "ci95_low": 0.0,
          "ci95_high": 0.0,
          "metric_name": "Perfect Response Rate"
        }
      },
      "category_scores": {
        "Long Context Extraction": {
          "mean": 0.4111137594978106,
          "ci95_low": 0.3660352002159086,
          "ci95_high": 0.4580533909837083,
          "category_name": "Long Context Extraction",
          "components": [
            "leaf_value_em",
            "value_token_f1",
            "hier_path_recall"
          ]
        },
        "Complex Schema Handling": {
          "mean": 0.7496403971529646,
          "ci95_low": 0.6727891802488667,
          "ci95_high": 0.816571974138853,
          "category_name": "Complex Schema Handling",
          "components": [
            "schema_compliance",
            "path_set_f1",
            "type_precision"
          ]
        },
        "Multi-Context Linking": {
          "mean": 0.27695482582922354,
          "ci95_low": 0.23704546740523288,
          "ci95_high": 0.318339810222142,
          "category_name": "Multi-Context Linking",
          "components": [
            "leaf_value_em",
            "value_token_f1"
          ]
        },
        "Output Contract Reliability": {
          "mean": 0.8231884057971015,
          "ci95_low": 0.7623188405797102,
          "ci95_high": 0.8840579710144928,
          "category_name": "Output Contract Reliability",
          "components": [
            "json_parse_success",
            "schema_compliance",
            "type_precision"
          ]
        },
        "Strict Precision": {
          "mean": 0.0,
          "ci95_low": 0.0,
          "ci95_high": 0.0,
          "category_name": "Strict Precision",
          "components": [
            "strict_json_em"
          ]
        }
      }
    },
    "overall_weighted": {
      "n": 115,
      "metrics": {
        "json_parse_success": {
          "mean": 0.9212827988338192,
          "ci95_low": 0.868421052631579,
          "ci95_high": 0.9651162790697675,
          "metric_name": "JSON Parse Success"
        },
        "json_root_structured": {
          "mean": 0.9212827988338192,
          "ci95_low": 0.868421052631579,
          "ci95_high": 0.9650145772594753,
          "metric_name": "Structured JSON Root"
        },
        "schema_valid_input": {
          "mean": 1.0,
          "ci95_low": 1.0,
          "ci95_high": 1.0,
          "metric_name": "Schema Valid Input"
        },
        "schema_compliance": {
          "mean": 0.7725947521865889,
          "ci95_low": 0.6938775510204082,
          "ci95_high": 0.8473053892215568,
          "metric_name": "JSON Pass Rate"
        },
        "leaf_value_em": {
          "mean": 0.17838094995399617,
          "ci95_low": 0.14544097186845628,
          "ci95_high": 0.21226502603108224,
          "metric_name": "Truth Score"
        },
        "value_token_f1": {
          "mean": 0.37506969245066707,
          "ci95_low": 0.3256912721197849,
          "ci95_high": 0.4231368957967361,
          "metric_name": "Faithfulness Score"
        },
        "hier_path_recall": {
          "mean": 0.6781343542474447,
          "ci95_low": 0.6066697052471903,
          "ci95_high": 0.741310912605868,
          "metric_name": "Path Recall"
        },
        "path_set_f1": {
          "mean": 0.6996530194066852,
          "ci95_low": 0.6275246980099639,
          "ci95_high": 0.7696546940342126,
          "metric_name": "Structure Coverage"
        },
        "type_precision": {
          "mean": 0.7725947521865889,
          "ci95_low": 0.6929824561403509,
          "ci95_high": 0.8430232558139535,
          "metric_name": "Type Safety"
        },
        "strict_json_em": {
          "mean": 0.0,
          "ci95_low": 0.0,
          "ci95_high": 0.0,
          "metric_name": "Perfect Response Rate"
        }
      },
      "category_scores": {
        "Long Context Extraction": {
          "mean": 0.41052833221736934,
          "ci95_low": 0.3640397333821325,
          "ci95_high": 0.4583481730972259,
          "category_name": "Long Context Extraction",
          "components": [
            "leaf_value_em",
            "value_token_f1",
            "hier_path_recall"
          ]
        },
        "Complex Schema Handling": {
          "mean": 0.7482808412599543,
          "ci95_low": 0.6692601640133323,
          "ci95_high": 0.818361660953208,
          "category_name": "Complex Schema Handling",
          "components": [
            "schema_compliance",
            "path_set_f1",
            "type_precision"
          ]
        },
        "Multi-Context Linking": {
          "mean": 0.2767253212023317,
          "ci95_low": 0.23613385523760125,
          "ci95_high": 0.3172397443728542,
          "category_name": "Multi-Context Linking",
          "components": [
            "leaf_value_em",
            "value_token_f1"
          ]
        },
        "Output Contract Reliability": {
          "mean": 0.8221574344023324,
          "ci95_low": 0.7616279069767442,
          "ci95_high": 0.8866279069767442,
          "category_name": "Output Contract Reliability",
          "components": [
            "json_parse_success",
            "schema_compliance",
            "type_precision"
          ]
        },
        "Strict Precision": {
          "mean": 0.0,
          "ci95_low": 0.0,
          "ci95_high": 0.0,
          "category_name": "Strict Precision",
          "components": [
            "strict_json_em"
          ]
        }
      },
      "weighting": "schema_complexity",
      "weight_field_priority": [
        "schema_complexity",
        "difficulty"
      ],
      "difficulty_weights": {
        "easy": 1.0,
        "medium": 2.0,